Workbook

Sheet Dashboard
B2: A.B.C.D.E — Backend & Integration Progress
B3: Cardiac demo · 10-day plan · update Status columns in the other sheets — everything here recalculates. Team: Mohamed, Tasnem (backend+demo video), Mena, Heba (mobile), Sara (dashboards), Mayar (UI/UX, data collection & content).
B5: 10-Day Plan tasks
C6: Total | D6: Done | E6: In Progress | F6: Blocked | G6: % Done
C7: =COUNTA(Plan_10Days!A2:A36) -> 35 | D7: =COUNTIF(Plan_10Days!H2:H36,"Done") -> 0 | E7: =COUNTIF(Plan_10Days!H2:H36,"In Progress") -> 0 | F7: =COUNTIF(Plan_10Days!H2:H36,"Blocked") -> 0 | G7: =IF(C7=0,0,D7/C7) -> 0
B9: API endpoints (99 — Postman 65 + 34 new/expanded)
C10: Total | D10: Done | E10: In Progress | F10: Blocked | G10: % Done
C11: =COUNTA(API_Endpoints!A2:A100) -> 99 | D11: =COUNTIF(API_Endpoints!I2:I100,"Done") -> 0 | E11: =COUNTIF(API_Endpoints!I2:I100,"In Progress") -> 0 | F11: =COUNTIF(API_Endpoints!I2:I100,"Blocked") -> 0 | G11: =IF(C11=0,0,D11/C11) -> 0
B13: Mobile screens wired
C14: Total | D14: Done | E14: In Progress | F14: Blocked | G14: % Done
C15: =COUNTA(Mobile_Screens!A2:A17) -> 16 | D15: =COUNTIF(Mobile_Screens!H2:H17,"Done") -> 0 | E15: =COUNTIF(Mobile_Screens!H2:H17,"In Progress") -> 0 | F15: =COUNTIF(Mobile_Screens!H2:H17,"Blocked") -> 0 | G15: =IF(C15=0,0,D15/C15) -> 0
B17: Dashboard routes wired
C18: Total | D18: Done | E18: In Progress | F18: Blocked | G18: % Done
C19: =COUNTA(Web_Dashboards!A2:A42) -> 41 | D19: =COUNTIF(Web_Dashboards!H2:H42,"Done") -> 0 | E19: =COUNTIF(Web_Dashboards!H2:H42,"In Progress") -> 0 | F19: =COUNTIF(Web_Dashboards!H2:H42,"Blocked") -> 0 | G19: =IF(C19=0,0,D19/C19) -> 0
B21: Per person — Done / Owned
B22: Member | C22: Plan tasks | D22: API endpoints | E22: Mobile screens | F22: Dashboard routes | G22: Overall % done
B23: Mohamed | C23: =COUNTIFS(Plan_10Days!C:C,"Mohamed",Plan_10Days!H:H,"Done")&" / "&COUNTIF(Plan_10Days!C:C,"Mohamed") -> 0 / 13 | D23: =COUNTIFS(API_Endpoints!F:F,"Mohamed",API_Endpoints!I:I,"Done")&" / "&COUNTIF(API_Endpoints!F:F,"Mohamed") -> 0 / 59 | E23: =COUNTIFS(Mobile_Screens!C:C,"Mohamed",Mobile_Screens!H:H,"Done")&" / "&COUNTIF(Mobile_Screens!C:C,"Mohamed") -> 0 / 0 | F23: =COUNTIFS(Web_Dashboards!C:C,"Mohamed",Web_Dashboards!H:H,"Done")&" / "&COUNTIF(Web_Dashboards!C:C,"Mohamed") -> 0 / 0 | G23: =IF((COUNTIF(Plan_10Days!C:C,"Mohamed")+COUNTIF(API_Endpoints!F:F,"Mohamed")+COUNTIF(Mobile_Screens!C:C,"Mohamed")+COUNTIF(Web_Dashboards!C:C,"Mohamed"))=0,0,(COUNTIFS(Plan_10Days!C:C,"Mohamed",Plan_10Days!H:H,"Done")+COUNTIFS(API_Endpoints!F:F,"Mohamed",API_Endpoints!I:I,"Done")+COUNTIFS(Mobile_Screens!C:C,"Mohamed",Mobile_Screens!H:H,"Done")+COUNTIFS(Web_Dashboards!C:C,"Mohamed",Web_Dashboards!H:H,"Done"))/(COUNTIF(Plan_10Days!C:C,"Mohamed")+COUNTIF(API_Endpoints!F:F,"Mohamed")+COUNTIF(Mobile_Screens!C:C,"Mohamed")+COUNTIF(Web_Dashboards!C:C,"Mohamed"))) -> 0
B24: Tasnem | C24: =COUNTIFS(Plan_10Days!C:C,"Tasnem",Plan_10Days!H:H,"Done")&" / "&COUNTIF(Plan_10Days!C:C,"Tasnem") -> 0 / 15 | D24: =COUNTIFS(API_Endpoints!F:F,"Tasnem",API_Endpoints!I:I,"Done")&" / "&COUNTIF(API_Endpoints!F:F,"Tasnem") -> 0 / 40 | E24: =COUNTIFS(Mobile_Screens!C:C,"Tasnem",Mobile_Screens!H:H,"Done")&" / "&COUNTIF(Mobile_Screens!C:C,"Tasnem") -> 0 / 0 | F24: =COUNTIFS(Web_Dashboards!C:C,"Tasnem",Web_Dashboards!H:H,"Done")&" / "&COUNTIF(Web_Dashboards!C:C,"Tasnem") -> 0 / 0 | G24: =IF((COUNTIF(Plan_10Days!C:C,"Tasnem")+COUNTIF(API_Endpoints!F:F,"Tasnem")+COUNTIF(Mobile_Screens!C:C,"Tasnem")+COUNTIF(Web_Dashboards!C:C,"Tasnem"))=0,0,(COUNTIFS(Plan_10Days!C:C,"Tasnem",Plan_10Days!H:H,"Done")+COUNTIFS(API_Endpoints!F:F,"Tasnem",API_Endpoints!I:I,"Done")+COUNTIFS(Mobile_Screens!C:C,"Tasnem",Mobile_Screens!H:H,"Done")+COUNTIFS(Web_Dashboards!C:C,"Tasnem",Web_Dashboards!H:H,"Done"))/(COUNTIF(Plan_10Days!C:C,"Tasnem")+COUNTIF(API_Endpoints!F:F,"Tasnem")+COUNTIF(Mobile_Screens!C:C,"Tasnem")+COUNTIF(Web_Dashboards!C:C,"Tasnem"))) -> 0
B25: Mena | C25: =COUNTIFS(Plan_10Days!C:C,"Mena",Plan_10Days!H:H,"Done")&" / "&COUNTIF(Plan_10Days!C:C,"Mena") -> 0 / 0 | D25: =COUNTIFS(API_Endpoints!F:F,"Mena",API_Endpoints!I:I,"Done")&" / "&COUNTIF(API_Endpoints!F:F,"Mena") -> 0 / 0 | E25: =COUNTIFS(Mobile_Screens!C:C,"Mena",Mobile_Screens!H:H,"Done")&" / "&COUNTIF(Mobile_Screens!C:C,"Mena") -> 0 / 8 | F25: =COUNTIFS(Web_Dashboards!C:C,"Mena",Web_Dashboards!H:H,"Done")&" / "&COUNTIF(Web_Dashboards!C:C,"Mena") -> 0 / 0 | G25: =IF((COUNTIF(Plan_10Days!C:C,"Mena")+COUNTIF(API_Endpoints!F:F,"Mena")+COUNTIF(Mobile_Screens!C:C,"Mena")+COUNTIF(Web_Dashboards!C:C,"Mena"))=0,0,(COUNTIFS(Plan_10Days!C:C,"Mena",Plan_10Days!H:H,"Done")+COUNTIFS(API_Endpoints!F:F,"Mena",API_Endpoints!I:I,"Done")+COUNTIFS(Mobile_Screens!C:C,"Mena",Mobile_Screens!H:H,"Done")+COUNTIFS(Web_Dashboards!C:C,"Mena",Web_Dashboards!H:H,"Done"))/(COUNTIF(Plan_10Days!C:C,"Mena")+COUNTIF(API_Endpoints!F:F,"Mena")+COUNTIF(Mobile_Screens!C:C,"Mena")+COUNTIF(Web_Dashboards!C:C,"Mena"))) -> 0
B26: Heba | C26: =COUNTIFS(Plan_10Days!C:C,"Heba",Plan_10Days!H:H,"Done")&" / "&COUNTIF(Plan_10Days!C:C,"Heba") -> 0 / 0 | D26: =COUNTIFS(API_Endpoints!F:F,"Heba",API_Endpoints!I:I,"Done")&" / "&COUNTIF(API_Endpoints!F:F,"Heba") -> 0 / 0 | E26: =COUNTIFS(Mobile_Screens!C:C,"Heba",Mobile_Screens!H:H,"Done")&" / "&COUNTIF(Mobile_Screens!C:C,"Heba") -> 0 / 8 | F26: =COUNTIFS(Web_Dashboards!C:C,"Heba",Web_Dashboards!H:H,"Done")&" / "&COUNTIF(Web_Dashboards!C:C,"Heba") -> 0 / 0 | G26: =IF((COUNTIF(Plan_10Days!C:C,"Heba")+COUNTIF(API_Endpoints!F:F,"Heba")+COUNTIF(Mobile_Screens!C:C,"Heba")+COUNTIF(Web_Dashboards!C:C,"Heba"))=0,0,(COUNTIFS(Plan_10Days!C:C,"Heba",Plan_10Days!H:H,"Done")+COUNTIFS(API_Endpoints!F:F,"Heba",API_Endpoints!I:I,"Done")+COUNTIFS(Mobile_Screens!C:C,"Heba",Mobile_Screens!H:H,"Done")+COUNTIFS(Web_Dashboards!C:C,"Heba",Web_Dashboards!H:H,"Done"))/(COUNTIF(Plan_10Days!C:C,"Heba")+COUNTIF(API_Endpoints!F:F,"Heba")+COUNTIF(Mobile_Screens!C:C,"Heba")+COUNTIF(Web_Dashboards!C:C,"Heba"))) -> 0
B27: Sara | C27: =COUNTIFS(Plan_10Days!C:C,"Sara",Plan_10Days!H:H,"Done")&" / "&COUNTIF(Plan_10Days!C:C,"Sara") -> 0 / 0 | D27: =COUNTIFS(API_Endpoints!F:F,"Sara",API_Endpoints!I:I,"Done")&" / "&COUNTIF(API_Endpoints!F:F,"Sara") -> 0 / 0 | E27: =COUNTIFS(Mobile_Screens!C:C,"Sara",Mobile_Screens!H:H,"Done")&" / "&COUNTIF(Mobile_Screens!C:C,"Sara") -> 0 / 0 | F27: =COUNTIFS(Web_Dashboards!C:C,"Sara",Web_Dashboards!H:H,"Done")&" / "&COUNTIF(Web_Dashboards!C:C,"Sara") -> 0 / 41 | G27: =IF((COUNTIF(Plan_10Days!C:C,"Sara")+COUNTIF(API_Endpoints!F:F,"Sara")+COUNTIF(Mobile_Screens!C:C,"Sara")+COUNTIF(Web_Dashboards!C:C,"Sara"))=0,0,(COUNTIFS(Plan_10Days!C:C,"Sara",Plan_10Days!H:H,"Done")+COUNTIFS(API_Endpoints!F:F,"Sara",API_Endpoints!I:I,"Done")+COUNTIFS(Mobile_Screens!C:C,"Sara",Mobile_Screens!H:H,"Done")+COUNTIFS(Web_Dashboards!C:C,"Sara",Web_Dashboards!H:H,"Done"))/(COUNTIF(Plan_10Days!C:C,"Sara")+COUNTIF(API_Endpoints!F:F,"Sara")+COUNTIF(Mobile_Screens!C:C,"Sara")+COUNTIF(Web_Dashboards!C:C,"Sara"))) -> 0
B28: Mayar | C28: =COUNTIFS(Plan_10Days!C:C,"Mayar",Plan_10Days!H:H,"Done")&" / "&COUNTIF(Plan_10Days!C:C,"Mayar") -> 0 / 7 | D28: — | E28: — | F28: — | G28: =IF(COUNTIF(Plan_10Days!C:C,"Mayar")=0,0,COUNTIFS(Plan_10Days!C:C,"Mayar",Plan_10Days!H:H,"Done")/COUNTIF(Plan_10Days!C:C,"Mayar")) -> 0
B30: API endpoints by due day
B31: Day | C31: Due | D31: Done | E31: % Done
B32: Day 2 | C32: =COUNTIF(API_Endpoints!G:G,2) -> 20 | D32: =COUNTIFS(API_Endpoints!G:G,2,API_Endpoints!I:I,"Done") -> 0 | E32: =IF(C32=0,0,D32/C32) -> 0
B33: Day 3 | C33: =COUNTIF(API_Endpoints!G:G,3) -> 11 | D33: =COUNTIFS(API_Endpoints!G:G,3,API_Endpoints!I:I,"Done") -> 0 | E33: =IF(C33=0,0,D33/C33) -> 0
B34: Day 4 | C34: =COUNTIF(API_Endpoints!G:G,4) -> 14 | D34: =COUNTIFS(API_Endpoints!G:G,4,API_Endpoints!I:I,"Done") -> 0 | E34: =IF(C34=0,0,D34/C34) -> 0
B35: Day 5 | C35: =COUNTIF(API_Endpoints!G:G,5) -> 15 | D35: =COUNTIFS(API_Endpoints!G:G,5,API_Endpoints!I:I,"Done") -> 0 | E35: =IF(C35=0,0,D35/C35) -> 0
B36: Day 6 | C36: =COUNTIF(API_Endpoints!G:G,6) -> 19 | D36: =COUNTIFS(API_Endpoints!G:G,6,API_Endpoints!I:I,"Done") -> 0 | E36: =IF(C36=0,0,D36/C36) -> 0
B37: Day 7 | C37: =COUNTIF(API_Endpoints!G:G,7) -> 6 | D37: =COUNTIFS(API_Endpoints!G:G,7,API_Endpoints!I:I,"Done") -> 0 | E37: =IF(C37=0,0,D37/C37) -> 0
B38: Day 8 | C38: =COUNTIF(API_Endpoints!G:G,8) -> 9 | D38: =COUNTIFS(API_Endpoints!G:G,8,API_Endpoints!I:I,"Done") -> 0 | E38: =IF(C38=0,0,D38/C38) -> 0
B39: Day 9 | C39: =COUNTIF(API_Endpoints!G:G,9) -> 5 | D39: =COUNTIFS(API_Endpoints!G:G,9,API_Endpoints!I:I,"Done") -> 0 | E39: =IF(C39=0,0,D39/C39) -> 0

Sheet Plan_10Days
A1: Day | B1: Date | C1: Owner | D1: Service | E1: Task | F1: Deliverable / Definition of Done | G1: Weight | H1: Status | I1: Notes
A2: 1 | B2: Thu 11/6 | C2: Mohamed | D2: Core | E2: Laravel 11 scaffold + repo + CI | F2: Repo builds; pipeline green | G2: 2 | H2: Not Started
A3: 1 | B3: Thu 11/6 | C3: Mohamed | D3: S1 | E3: Sanctum auth + RBAC middleware (8 roles) | F3: Login returns role token; middleware blocks wrong role | G3: 3 | H3: Not Started
A4: 1 | B4: Thu 11/6 | C4: Mohamed | D4: S12 | E4: Audit observer + 15-min edit-window trait | F4: Every write logged in audit_logs | G4: 2 | H4: Not Started
A5: 1 | B5: Thu 11/6 | C5: Tasnem | D5: Core | E5: All migrations (38 tables) + models + factories | F5: php artisan migrate clean on fresh DB | G5: 3 | H5: Not Started
A6: 1 | B6: Thu 11/6 | C6: Tasnem | D6: Core | E6: Seeder reproducing data.js demo dataset | F6: 6 patients incl. ALM-20413; depts; staff; education | G6: 3 | H6: Not Started
A7: 1 | B7: Thu 11/6 | C7: Mayar | D7: DATA | E7: Send the 4 data-request workbooks to the hospital + brief their contact person | F7: Hospital confirms receipt and a return date (≤ Day 4) | G7: 2 | H7: Not Started
A8: 2 | B8: Fri 12/6 | C8: Mohamed | D8: S1 | E8: Identity endpoints #1–11 (login, QR, register, cards, search, prefs, accessibility) | F8: All S1 endpoints pass feature tests | G8: 3 | H8: Not Started
A9: 2 | B9: Fri 12/6 | C9: Tasnem | D9: S2 | E9: Public portal #12–15 + appointments CRUD #16–20 | F9: Landing + mobile appointments can run on real API | G9: 3 | H9: Not Started
A10: 2 | B10: Fri 12/6 | C10: Mayar | D10: UIUX | E10: Design system & brand assets shared by mobile + dashboards | F10: Tokens/components file delivered to Mena, Heba, Sara | G10: 2 | H10: Not Started
A11: 3 | B11: Sat 13/6 | C11: Mohamed | D11: S3 | E11: Visits open/get/list + triage + advance + timeline (#23–27) | F11: UC-1 arrival→triage→advance works via API | G11: 3 | H11: Not Started
A12: 3 | B12: Sat 13/6 | C12: Mohamed | D12: S7 | E12: Stage-change → notification event | F12: Stage move creates notification rows | G12: 1 | H12: Not Started
A13: 3 | B13: Sat 13/6 | C13: Tasnem | D13: S4 | E13: Vitals + NEWS2 engine + risk endpoints (#37–42) | F13: Vitals write computes NEWS2; ≥5 fires alert event | G13: 3 | H13: Not Started
... A36: 10 | B36: Sat 20/6 | C36: Mayar | D36: CONTENT | E36: Demo polish: landing/public pages deploy + presentation visuals | F36: Landing live; slides/visuals ready | G36: 2 | H36: Not Started

Sheet API_Endpoints
A1: # | B1: Source | C1: Method | D1: Path | E1: Service | F1: Owner | G1: Due Day | H1: Min. Role | I1: Status | J1: Tested in Postman | K1: Notes
A2: 1 | B2: P | C2: POST | D2: /auth/login | E2: S1 | F2: Mohamed | G2: 2 | H2: public | I2: Not Started | J2: No
A3: 2 | B3: P | C3: POST | D3: /auth/login/qr | E3: S1 | F3: Mohamed | G3: 2 | H3: public | I3: Not Started | J3: No
A4: 3 | B4: P | C4: POST | D4: /auth/logout | E4: S1 | F4: Mohamed | G4: 2 | H4: any | I4: Not Started | J4: No
A5: 4 | B5: P | C5: POST | D5: /patients/register | E5: S1 | F5: Mohamed | G5: 2 | H5: public/reception | I5: Not Started | J5: No
A6: 5 | B6: P | C6: GET | D6: /patients/{serial} | E6: S1 | F6: Mohamed | G6: 2 | H6: owner/staff | I6: Not Started | J6: No
A7: 6 | B7: + | C7: GET | D7: /patients?q= | E7: S1 | F7: Mohamed | G7: 2 | H7: staff | I7: Not Started | J7: No
A8: 7 | B8: P | C8: PUT | D8: /patients/{serial}/preferences | E8: S1 | F8: Mohamed | G8: 2 | H8: owner | I8: Not Started | J8: No
A9: 8 | B9: P | C9: POST | D9: /patients/{serial}/cards | E9: S1 | F9: Mohamed | G9: 2 | H9: reception | I9: Not Started | J9: No
A10: 9 | B10: + | C10: POST | D10: /patients/{serial}/qr | E10: S1 | F10: Mohamed | G10: 2 | H10: reception | I10: Not Started | J10: No
A11: 10 | B11: P | C11: GET | D11: /patients/{serial}/accessibility | E11: S1 | F11: Mohamed | G11: 2 | H11: owner | I11: Not Started | J11: No
A12: 11 | B12: P | C12: PUT | D12: /patients/{serial}/accessibility | E12: S1 | F12: Mohamed | G12: 2 | H12: owner | I12: Not Started | J12: No
A13: 12 | B13: P | C13: GET | D13: /public/hospital | E13: S2 | F13: Tasnem | G13: 2 | H13: public | I13: Not Started | J13: No
... A100: 99 | B100: P | C100: GET | D100: /nav/route | E100: S12 | F100: Mohamed | G100: 9 | H100: public | I100: Not Started | J100: No

Sheet Mobile_Screens
A1: # | B1: Screen | C1: Owner | D1: APIs required | E1: UI Built (prototype) | F1: Wired to API | G1: Languages AR/EN/RU | H1: Status | I1: Notes
A2: 1 | B2: Intro slides | C2: Mena | D2: GET /public/hospital (optional) | E2: Yes | F2: No | G2: EN only | H2: Not Started
A3: 2 | B3: Login (password / QR / guest) | C3: Mena | D3: POST /auth/login · /auth/login/qr | E3: Yes | F3: No | G3: EN only | H3: Not Started
A4: 3 | B4: Register (modal) | C4: Mena | D4: POST /patients/register | E4: Partial | F4: No | G4: EN only | H4: Not Started
A5: 4 | B5: Home (vitals, status, quick actions) | C5: Mena | D5: GET /patients/{serial} · GET /visits?open · GET /visits/{id}/vitals · GET /notifications | E5: Yes | F5: No | G5: EN only | H5: Not Started
A6: 5 | B6: Care Journey — active + rating | C6: Mena | D6: GET /visits/{id} · POST /stages/{id}/feedback | E6: Yes | F6: No | G6: EN only | H6: Not Started
A7: 6 | B7: Care Journey — completed visits | C7: Mena | D7: GET /patients/{serial}/file | E7: Yes | F7: No | G7: EN only | H7: Not Started
A8: 7 | B8: Care & Medication | C8: Mena | D8: GET /visits/{id}/prescriptions · POST /prescriptions/{id}/administer | E8: Yes | F8: No | G8: EN only | H8: Not Started
A9: 8 | B9: Appointments | C9: Mena | D9: GET/POST /appointments · slots · reschedule · cancel | E9: Partial | F9: No | G9: EN only | H9: Not Started
A10: 9 | B10: Reports — health | C10: Heba | D10: GET /visits/{id}/results · GET /patients/{serial}/file | E10: Yes | F10: No | G10: EN only | H10: Not Started
A11: 10 | B11: Reports — financial + pay | C11: Heba | D11: GET /visits/{id}/financial-file · POST /visits/{id}/payments | E11: Partial | F11: No | G11: EN only | H11: Not Started
A12: 11 | B12: Healthcare Advisor (AI) | C12: Heba | D12: POST /assistant/ask · POST /assistant/triage | E12: Partial | F12: No | G12: EN only | H12: Not Started
A13: 12 | B13: Family Access | C13: Heba | D13: POST/GET family · PATCH permissions · DELETE · accept · consents respond | E13: Yes | F13: No | G13: EN only | H13: Not Started
... A17: 16 | B17: Indoor Map (P2) | C17: Heba | D17: GET /nav/map · /nav/search · /nav/route | E17: No | F17: No | G17: EN only | H17: Not Started

Sheet Web_Dashboards
A1: Dashboard | B1: Route | C1: Owner | D1: APIs required | E1: Priority | F1: UI Built | G1: Wired to API | H1: Status | I1: Notes
A2: Reception | B2: overview | C2: Sara | D2: GET /visits?stage=arrival · GET /appointments?status=pending | E2: P0 | F2: Yes | G2: No | H2: Not Started
A3: Reception | B3: register | C3: Sara | D3: POST /patients/register · GET insurance · POST cards · POST qr · POST /visits | E3: P0 | F3: Yes | G3: No | H3: Not Started
A4: Reception | B4: queue | C4: Sara | D4: GET /visits?filters · POST /visits/{id}/advance | E4: P0 | F4: Yes | G4: No | H4: Not Started
A5: Reception | B5: appointments | C5: Sara | D5: GET /appointments · PATCH status · POST assign · GET slots | E5: P2 | F5: Yes | G5: No | H5: Not Started
A6: Reception | B6: committee | C6: Sara | D6: POST committee-review · GET /visits?committee=pending · POST /committee/{id}/authorize | E6: P0 | F6: Yes | G6: No | H6: Not Started
A7: Reception | B7: billing | C7: Sara | D7: GET financial-file · POST payments · PATCH insurance | E7: P2 | F7: Yes | G7: No | H7: Not Started
A8: Nurse | B8: ward | C8: Sara | D8: GET /visits?dept&admitted (embeds vitals+NEWS2) | E8: P0 | F8: Yes | G8: No | H8: Not Started
A9: Nurse | B9: triage | C9: Sara | D9: GET /visits?stage=triage · POST /visits/{id}/triage | E9: P0 | F9: Yes | G9: No | H9: Not Started
A10: Nurse | B10: vitals | C10: Sara | D10: POST/GET /visits/{id}/vitals · GET risk-score | E10: P0 | F10: Yes | G10: No | H10: Not Started
A11: Nurse | B11: mar | C11: Sara | D11: GET prescriptions(due) · POST administer · GET pharmacy/availability | E11: P0 | F11: Yes | G11: No | H11: Not Started
A12: Nurse | B12: handover | C12: Sara | D12: GET /visits?dept summary (SBAR client-side) | E12: P1 | F12: Yes | G12: No | H12: Not Started
A13: Nurse | B13: risk | C13: Sara | D13: GET /visits?critical=1 · PUT thresholds · POST transport · POST checklists | E13: P0 | F13: Yes | G13: No | H13: Not Started
... A42: Family | B42: permissions | C42: Sara | D42: GET /patients/{serial}/family | E42: P1 | F42: Yes | G42: No | H42: Not Started
